ts_code_x	trade_date	open	high	low	close_x	pre_close	change	pct_chg	vol	amount	turnover_rate	turnover_rate_f	volume_ratio	pe	pe_ttm	pb	ps	ps_ttm	dv_ratio	dv_ttm	total_share	float_share	free_share	total_mv	circ_mv	open_close_chg
300923.SZ	20201224	49.8807	59.7217	49.503	49.5626	28.1113	21.451300000000003	76.3085	97863.72	516290.177	49.8034	49.8034		65.6421	58.6854	3.688	10.5666	11.0984			7860.0	1965.0	1965.0	391899.6	97974.9	-0.11752813613490823
300923.SZ	20201225	43.7376	51.1928	43.3996	44.6223	49.5626	-4.9403000000000015	-9.9678	68404.48	317367.789	34.8114	34.8114		59.0989	52.8356	3.3204	9.5133	9.9921			7860.0	1965.0	1965.0	352835.4	88208.85	-0.027179235494360472
300923.SZ	20201228	43.4095	44.006	40.1491	40.2684	44.6223	-4.353900000000003	-9.7572	57650.42	240745.058	29.3386	29.3386		53.3325	47.6804	2.9964	8.5851	9.0172			7860.0	1965.0	1965.0	318408.6	79602.15	-0.005185207259290077
300923.SZ	20201229	40.0596	42.0477	37.4751	39.7614	40.2684	-0.5069999999999979	-1.2591	52313.92	206973.135	26.6229	26.6229		52.6611	47.0801	2.9587	8.477	8.9036			7860.0	1965.0	1965.0	314400.0	78600.0	-0.03749867962395689
300923.SZ	20201230	38.2704	40.8052	37.5249	38.4791	39.7614	-1.2822999999999989	-3.225	48738.55	190468.609	24.8033	24.8033		50.9628	45.5618	2.8632	8.2036	8.6165			7860.0	1965.0	1965.0	304260.6	76065.15	-0.004132113277077843
300923.SZ	20201231	38.3201	39.0656	36.8489	36.8986	38.4791	-1.580500000000001	-4.1074	41749.27	159200.777	21.2464	21.2464	0.64	48.8695	43.6903	2.7456	7.8666	8.2626			7860.0	1965.0	1965.0	291763.2	72940.8	-0.004309106578569347
300923.SZ	20210104	36.7396	37.6243	36.6799	36.9781	36.8986	0.0794999999999959	0.2155	32663.01	122259.137	16.6224	16.6224	0.61	48.9748	43.7845	2.7516	7.8836	8.2804			7860.0	1965.0	1965.0	292392.0	73098.0	-0.005376155075571718
300923.SZ	20210105	36.7793	39.3638	36.2425	38.0517	36.9781	1.073599999999999	2.9033	43153.75	164418.451	21.9612	21.9612	0.93	50.3967	45.0557	2.8314	8.1125	8.5208			7860.0	1965.0	1965.0	300880.8	75220.2	-0.007313733683383251
300923.SZ	20210106	37.7734	39.2644	36.7992	38.8668	38.0517	0.815100000000001	2.1421	51078.32	197250.423	25.9941	25.9941	1.17	51.4762	46.0208	2.8921	8.2862	8.7033			7860.0	1965.0	1965.0	307326.0	76831.5	-0.021738347381312473
300923.SZ	20210107	38.0219	39.2545	34.6819	34.7913	38.8668	-4.075499999999998	-10.4858	47190.47	174560.968	24.0155	24.0155	1.09	46.0785	41.1951	2.5888	7.4174	7.7907			7860.0	1965.0	1965.0	275100.0	68775.0	-0.022287180990649896
300923.SZ	20210108	34.0159	35.338	32.9125	34.2247	34.7913	-0.5666000000000011	-1.6286	28060.63	96254.824	14.2802	14.2802	0.65	45.328	40.5242	2.5467	7.2966	7.6638			7860.0	1965.0	1965.0	270619.8	67654.95	-0.0005814514079013054
300923.SZ	20210111	34.2048	34.2048	31.4911	31.7694	34.2247	-2.4552999999999976	-7.1741	31956.15	104924.501	16.2627	16.2627	0.79	42.0762	37.617	2.364	6.7731	7.114			7860.0	1965.0	1965.0	251205.6	62801.4	0.004378427039855934
300923.SZ	20210112	31.9085	32.2068	30.9245	31.2425	31.7694	-0.5269000000000013	-1.6585	19381.7	61625.085	9.8635	9.8635	0.48	41.3785	36.9932	2.3248	6.6608	6.996			7860.0	1965.0	1965.0	247039.8	61759.95	-0.004772345362887114
300923.SZ	20210113	31.0934	32.0875	30.0994	31.4712	31.2425	0.2286999999999999	0.732	26801.42	84147.165	13.6394	13.6394	0.75	41.6813	37.2639	2.3418	6.7095	7.0472			7860.0	1965.0	1965.0	248847.6	62211.9	-0.017371438013167637
300923.SZ	20210114	30.9245	34.5924	30.4175	32.7237	31.4712	1.2525000000000013	3.9798	35190.34	116250.222	17.9086	17.9086	1.15	43.3401	38.7469	2.435	6.9766	7.3277			7860.0	1965.0	1965.0	258751.2	64687.8	-0.0112395603186682
300923.SZ	20210115	32.3559	37.2664	32.3062	36.0736	32.7237	3.349899999999998	10.2369	56171.57	197454.976	28.586	28.586	1.99	47.7768	42.7134	2.6842	7.6907	8.0778			7860.0	1965.0	1965.0	285239.4	71309.85	-0.02176938259558235
300923.SZ	20210118	35.2883	37.5149	34.5129	36.3618	36.0736	0.2882000000000033	0.7989	47314.72	170509.13	24.0787	24.0787	1.4	48.1586	43.0548	2.7057	7.7522	8.1424			7860.0	1965.0	1965.0	287518.8	71879.7	0.00546727609744288
300923.SZ	20210119	36.5606	39.2942	35.7853	38.499	36.3618	2.1372	5.8776	57507.29	220250.781	29.2658	29.2658	1.56	50.9891	45.5853	2.8647	8.2078	8.621			7860.0	1965.0	1965.0	304417.8	76104.45	0.0012909426218861348
300923.SZ	20210120	38.5487	39.1551	36.5905	36.9682	38.499	-1.5307999999999993	-3.9762	42654.05	160348.49599999998	21.7069	21.7069	0.96	48.9617	43.7727	2.7508	7.8815	8.2782			7860.0	1965.0	1965.0	292313.4	73078.35	-0.027426274473736873
300923.SZ	20210121	35.9543	36.1332	34.9006	35.4274	36.9682	-1.5408000000000044	-4.1679	31227.15	111829.168	15.8917	15.8917	0.65	46.92100000000001	41.9484	2.6362	7.553	7.9331			7860.0	1965.0	1965.0	280130.4	70032.6	-0.006452632708016963
300923.SZ	20210122	35.1988	36.2823	33.1014	33.4692	35.4274	-1.958199999999998	-5.5274	33226.71	115413.542	16.9093	16.9093	0.71	44.3275	39.6297	2.4905	7.1355	7.4946			7860.0	1965.0	1965.0	264646.2	66161.55	-0.010693413645979012
300923.SZ	20210125	33.1113	33.8767	32.4056	32.6143	33.4692	-0.8549000000000007	-2.5543	19841.83	65907.266	10.0976	10.0976	0.47	43.1953	38.6175	2.4268	6.9532	7.3032			7860.0	1965.0	1965.0	257886.6	64471.65	-0.0076193571531506105
300923.SZ	20210126	32.3658	34.175	32.3658	32.9622	32.6143	0.3479000000000028	1.0667	21336.98	71807.76400000001	10.8585	10.8585	0.58	43.6561	39.0294	2.4527	7.0274	7.3811			7860.0	1965.0	1965.0	260637.6	65159.4	-0.016585664791791847
300923.SZ	20210127	32.4155	33.0815	31.8787	32.5646	32.9622	-0.3976000000000042	-1.2062	17935.91	58418.114	9.1277	9.1277	0.6	43.1294	38.5586	2.4231	6.9426	7.2921			7860.0	1965.0	1965.0	257493.6	64373.4	-0.014346867457300206
300923.SZ	20210128	32.0974	33.2505	32.0974	32.1571	32.5646	-0.4074999999999989	-1.2514	16406.48	53936.931	8.3494	8.3494	0.66	42.5897	38.076	2.3928	6.8558	7.2008			7860.0	1965.0	1965.0	254271.0	63567.75	0.004636612132312837
300923.SZ	20210129	32.3062	34.1948	31.829	34.0954	32.1571	1.938299999999998	6.0276	27065.69	89891.523	13.7739	13.7739	1.24	45.1569	40.3712	2.5371	7.269	7.6349			7860.0	1965.0	1965.0	269598.0	67399.5	0.005830698569308427
300923.SZ	20210201	34.2942	40.9145	33.9264	40.9145	34.0954	6.819099999999999	20.0001	81016.46	314488.615	41.2298	41.2298	3.95	54.1883	48.4454	3.0445	8.7228	9.1618			7860.0	1965.0	1965.0	323517.6	80879.4	0.013362011022986993
300923.SZ	20210202	41.4612	48.1014	37.4553	40.0099	40.9145	-0.904599999999995	-2.211	101064.72	433276.76	51.4324	51.4324	3.09	52.9902	47.3744	2.9772	8.53	8.9593			7860.0	1965.0	1965.0	316365.0	79091.25	-0.062109627867102876
300923.SZ	20210203	37.5249	41.66	37.5249	38.9066	40.0099	-1.1033000000000044	-2.7576	68589.8	270144.024	34.9058	34.9058	1.41	51.5289	46.0679	2.8951	8.2947	8.7122			7860.0	1965.0	1965.0	307640.4	76910.1	-0.041902916214729594
300923.SZ	20210204	37.2763	37.7634	35.2087	36.1233	38.9066	-2.783299999999997	-7.1538	54730.79	200809.173	27.8528	27.8528	0.93	47.8426	42.7723	2.6879	7.7013	8.089			7860.0	1965.0	1965.0	285632.4	71408.1	-0.001101781952368682
300923.SZ	20210205	36.0835	37.336	33.3002	33.4891	36.1233	-2.6342	-7.2922	42019.66	148838.50699999998	21.3841	21.3841	0.63	44.3538	39.6532	2.4919	7.1397	7.4991			7860.0	1965.0	1965.0	264803.4	66200.85	-0.01988706773248621
300923.SZ	20210208	32.8231	34.0855	32.2068	32.7932	33.4891	-0.6959000000000017	-2.0780000000000003	26673.32	88379.602	13.5742	13.5742	0.38	43.4322	38.8293	2.4402	6.9914	7.3433			7860.0	1965.0	1965.0	259301.4	64825.35	0.0
300923.SZ	20210209	32.7932	33.7972	32.5646	33.2306	32.7932	0.4374000000000038	1.3338	22910.31	76996.796	11.6592	11.6592	0.39	44.0115	39.3472	2.4727	7.0846	7.4412			7860.0	1965.0	1965.0	262759.8	65689.95	0.002392373294493506
300923.SZ	20210210	33.3101	33.6581	32.1571	32.2565	33.2306	-0.9741	-2.9313	23819.47	78332.087	12.1219	12.1219	0.55	42.7213	38.1937	2.4002	6.877000000000002	7.2231			7860.0	1965.0	1965.0	255057.0	63764.25	0.01694852200331698
300923.SZ	20210218	32.8032	36.0338	32.8032	36.0338	32.2565	3.7772999999999968	11.7102	38338.77	133039.2	19.5108	19.5108	1.13	47.7241	42.6663	2.6813	7.6823	8.0689			7860.0	1965.0	1965.0	284925.0	71231.25	-0.006896302915595912
300923.SZ	20210219	35.7853	37.2366	35.2883	36.829	36.0338	0.7952000000000012	2.2068	34688.77	127467.076	17.6533	17.6533	1.13	48.7774	43.6079	2.7405	7.8518	8.247			7860.0	1965.0	1965.0	291213.0	72803.25	0.0
300923.SZ	20210222	36.829	36.9781	35.1292	35.5368	36.829	-1.2922000000000011	-3.5086	35300.75	128690.323	17.9648	17.9648	1.21	47.0659	42.0778	2.6443	7.5763	7.9576			7860.0	1965.0	1965.0	280995.0	70248.75	-0.013985502352490936
300923.SZ	20210223	35.0398	37.4056	34.8111	36.4314	35.5368	0.8945999999999971	2.5174	35190.2	129094.209	17.9085	17.9085	1.13	48.2507	43.1371	2.7109	7.767	8.158			7860.0	1965.0	1965.0	288069.0	72017.25	-0.014734542180646354
300923.SZ	20210224	35.8946	36.3817	34.493	35.3976	36.4314	-1.0337999999999994	-2.8377	27479.27	97962.153	13.9844	13.9844	0.82	46.8816	41.9131	2.634	7.5466	7.9265			7860.0	1965.0	1965.0	279894.6	69973.65	-0.010952719958415126
300923.SZ	20210225	35.0099	35.7654	33.7972	33.8867	35.3976	-1.5108999999999997	-4.2684	20823.0	72522.521	10.5969	10.5969	0.61	44.8804	40.124	2.5215	7.2245	7.5881			7860.0	1965.0	1965.0	267947.4	66986.85	-0.014961622111329754
300923.SZ	20210226	33.3797	33.996	33.1511	33.2306	33.8867	-0.656099999999995	-1.9362	15870.58	53519.553	8.0766	8.0766	0.52	44.0115	39.3472	2.4727	7.0846	7.4412			7860.0	1965.0	1965.0	262759.8	65689.95	0.0026933007529203177
300923.SZ	20210301	33.3201	34.7416	33.3201	34.6421	33.2306	1.4114999999999966	4.2476	16415.42	56531.848	8.3539	8.3539	0.61	45.881	41.0185	2.5777	7.3856	7.7573			7860.0	1965.0	1965.0	273921.0	68480.25	0.004878457137413842
300923.SZ	20210302	34.8111	35.169000000000004	33.3996	33.9066	34.6421	-0.7355000000000018	-2.1231	15770.55	53841.597	8.0257	8.0257	0.68	44.9068	40.1476	2.523	7.2287	7.5926			7860.0	1965.0	1965.0	268104.6	67026.15	-0.008210790819486407
300923.SZ	20210303	33.6282	34.7913	33.4394	34.7913	33.9066	0.8847000000000023	2.6092	16752.13	57598.246	8.5253	8.5253	0.87	46.0785	41.1951	2.5888	7.4174	7.7907			7860.0	1965.0	1965.0	275100.0	68775.0	-0.011143590495325048
300923.SZ	20210304	34.4036	35.1392	33.7972	33.7972	34.7913	-0.9941000000000032	-2.8573	18715.24	64796.741	9.5243	9.5243	1.09	44.7619	40.0181	2.5149	7.2054	7.5681			7860.0	1965.0	1965.0	267240.0	66810.0	-0.012941900512468392
300923.SZ	20210305	33.3598	34.1451	33.1412	33.9066	33.7972	0.1094000000000008	0.3237	12747.05	43254.729000000014	6.487	6.487	0.76	44.9068	40.1476	2.523	7.2287	7.5926			7860.0	1965.0	1965.0	268104.6	67026.15	0.003515539747423785
300923.SZ	20210308	34.0258	36.4414	34.0258	35.7555	33.9066	1.8489000000000004	5.4529	36352.38	130219.087	18.4999	18.4999	2.26	47.3555	42.3368	2.6606	7.6229	8.0066			7860.0	1965.0	1965.0	282724.2	70681.05	0.00027688047992621543
300923.SZ	20210309	35.7654	36.1531	31.8091	32.8827	35.7555	-2.872799999999998	-8.0346	30433.37	103792.438	15.4877	15.4877	1.52	43.5507	38.9352	2.4468	7.0105	7.3633			7860.0	1965.0	1965.0	260008.8	65002.2	0.0006051814479954447
300923.SZ	20210310	32.9026	33.6879	32.326	32.6143	32.8827	-0.2683999999999997	-0.8162	17090.53	56565.02	8.6975	8.6975	0.74	43.1953	38.6175	2.4268	6.9532	7.3032			7860.0	1965.0	1965.0	257886.6	64471.65	0.0
300923.SZ	20210311	32.6143	34.1948	32.3062	33.1909	32.6143	0.5765999999999991	1.7679	17587.0	58973.3	8.9501	8.9501	0.76	43.9589	39.3001	2.4697	7.0762	7.4323			7860.0	1965.0	1965.0	262445.4	65611.35	0.0014973983832918484
300923.SZ	20210312	33.2406	33.2406	32.1968	32.3857	33.1909	-0.8051999999999992	-2.426	14939.63	48905.746	7.6029	7.6029	0.65	42.8925	38.3467	2.4098	6.9045	7.252000000000002			7860.0	1965.0	1965.0	256078.8	64019.7	-0.0027635654007787704
300923.SZ	20210315	32.2962	32.336	31.1332	31.5706	32.3857	-0.815100000000001	-2.5169	13780.23	43829.013	7.0128	7.0128	0.59	41.8129	37.3816	2.3492	6.7307	7.0695			7860.0	1965.0	1965.0	249633.6	62408.4	0.0
300923.SZ	20210316	31.5706	31.998	31.3121	31.9284	31.5706	0.357800000000001	1.1333	9676.0	30873.571	4.9242	4.9242	0.52	42.2869	37.8053	2.3758	6.807	7.1496			7860.0	1965.0	1965.0	252463.2	63115.8	-0.00031006877889271756
300923.SZ	20210317	31.9185	32.9225	31.66	32.8231	31.9284	0.8946999999999967	2.8022	14043.0	45877.332	7.1466	7.1466	0.96	43.4717	38.8646	2.4424	6.9977	7.35			7860.0	1965.0	1965.0	259537.2	64884.3	0.04481904512370861
300923.SZ	20210318	34.2942	34.7813	32.9225	33.3002	32.8231	0.4771000000000001	1.4535	23349.63	79437.995	11.8828	11.8828	1.67	44.1037	39.4296	2.4779	7.0995	7.4568			7860.0	1965.0	1965.0	263310.0	65827.5	-0.03402982564669267
300923.SZ	20210319	32.167	34.4732	32.167	33.5984	33.3002	0.2982000000000013	0.8955	25256.64	85505.12400000001	12.8533	12.8533	1.67	44.4986	39.7827	2.5001	7.162999999999999	7.5236			7860.0	1965.0	1965.0	265668.0	66417.0	0.0002946568884233117
300923.SZ	20210322	33.6083	34.5825	33.5984	34.2942	33.5984	0.6957999999999984	2.0709	20771.0	71480.741	10.5705	10.5705	1.21	45.4202	40.6066	2.5518	7.3114	7.6794			7860.0	1965.0	1965.0	271170.0	67792.5	0.0
300923.SZ	20210323	34.2942	34.6223	33.5487	33.8966	34.2942	-0.397599999999997	-1.1594	17036.63	58259.462	8.67	8.67	0.92	44.8936	40.1358	2.5223	7.2266	7.5904			7860.0	1965.0	1965.0	268026.0	67006.5	0.006744039225173031
300923.SZ	20210324	34.1252	35.666	33.8966	35.5666	33.8966	1.6700000000000017	4.9267	39449.66	138651.239	20.0762	20.0762	1.96	47.1054	42.1132	2.6465	7.5827	7.9643			7860.0	1965.0	1965.0	281230.8	70307.7	-0.007824756934877147
300923.SZ	20210325	35.2883	35.2883	34.006	34.0159	35.5666	-1.550699999999999	-4.36	25146.21	87371.491	12.7971	12.7971	1.0	45.0516	40.277	2.5311	7.2521	7.6171			7860.0	1965.0	1965.0	268969.2	67242.3	-0.009351509147192964
300923.SZ	20210326	33.6978	34.165	32.8032	33.5984	34.0159	-0.4175000000000039	-1.2274	18109.15	60999.92	9.2159	9.2159	0.71	44.4986	39.7827	2.5001	7.162999999999999	7.5236			7860.0	1965.0	1965.0	265668.0	66417.0	0.0005922901090528064
300923.SZ	20210329	33.6183	35.6064	32.8529	35.5865	33.5984	1.9881000000000029	5.9172	26684.69	91365.239	13.58	13.58	1.11	47.1317	42.1367	2.648	7.5869	7.9688			7860.0	1965.0	1965.0	281388.0	70347.0	0.006423784300226213
300923.SZ	20210330	35.8151	37.7734	34.3439	34.4732	35.5865	-1.1133000000000024	-3.1284	42285.21	153225.739	21.5192	21.5192	1.67	45.6572	40.8185	2.5652	7.3495	7.7195			7860.0	1965.0	1965.0	272584.8	68146.2	-0.027972453964238933
300923.SZ	20210331	33.5089	35.2883	33.5089	33.6879	34.4732	-0.7852999999999994	-2.278	22003.91	75374.747	11.1979	11.1979	0.73	44.6171	39.8886	2.5067	7.1821	7.5436			7860.0	1965.0	1965.0	266375.4	66593.85	-0.0005907165480780876
300923.SZ	20210401	33.668	33.9761	32.8827	33.1511	33.6879	-0.5367999999999995	-1.5935	16495.0	55141.863	8.3944	8.3944	0.61	43.9062	39.253	2.4668	7.0677	7.4234			7860.0	1965.0	1965.0	262131.0	65532.75	0.0038973065750456943
300923.SZ	20210402	33.2803	34.2445	32.8529	34.0258	33.1511	0.8746999999999971	2.6385	15812.13	53487.381	8.0469	8.0469	0.63	45.0647	40.2888	2.5319	7.2542	7.6193			7860.0	1965.0	1965.0	269047.8	67261.95	0.008472982266398048
300923.SZ	20210406	34.3141	34.9105	34.0258	34.7217	34.0258	0.6959000000000017	2.0452	17112.66	59513.618	8.7087	8.7087	0.69	45.9863	41.1127	2.5837	7.4025	7.7751			7860.0	1965.0	1965.0	274549.8	68637.45	-0.008876293499454214
300923.SZ	20210407	34.4135	36.2425	34.1054	36.0537	34.7217	1.3320000000000007	3.8362	31954.0	113897.618	16.2616	16.2616	1.41	47.7505	42.6899	2.6828	7.6865	8.0734			7860.0	1965.0	1965.0	285082.2	71270.55	-0.0019304537398381087
300923.SZ	20210408	35.9841	37.2565	35.3181	35.3579	36.0537	-0.6957999999999984	-1.9299	42224.36	154008.52300000002	21.4882	21.4882	2.04	46.8289	41.86600000000001	2.631	7.5382	7.9176			7860.0	1965.0	1965.0	279580.2	69895.05	-0.007030960549127727
300923.SZ	20210409	35.1093	36.3817	34.9205	36.3419	35.3579	0.9840000000000018	2.783	30046.55	108338.185	15.2909	15.2909	1.22	48.1323	43.0312	2.7042	7.747999999999997	8.1379			7860.0	1965.0	1965.0	287361.6	71840.4	0.012035694336289425
300923.SZ	20210412	36.7793	36.7793	35.0199	35.1392	36.3419	-1.2027	-3.3094	23615.35	84863.81599999999	12.018	12.018	0.86	46.5393	41.607	2.6147	7.4915	7.8686			7860.0	1965.0	1965.0	277851.0	69462.75	0.0042431244877514885
300923.SZ	20210413	35.2883	35.7356	34.3837	34.5825	35.1392	-0.5566999999999993	-1.5843	15632.0	54910.88	7.9552	7.9552	0.54	45.802	40.9479	2.5733	7.3729	7.7439			7860.0	1965.0	1965.0	273449.4	68362.35	0.006037735849056503
300923.SZ	20210414	34.7913	36.4612	34.6521	36.0338	34.5825	1.4512999999999965	4.1966	28938.82	104597.518	14.7271	14.7271	1.01	47.7241	42.6663	2.6813	7.6823	8.0689			7860.0	1965.0	1965.0	284925.0	71231.25	-0.008827822766402687
300923.SZ	20210415	35.7157	36.004	34.1451	34.6421	36.0338	-1.3917000000000002	-3.8622	22875.15	80350.22	11.6413	11.6413	0.81	45.881	41.0185	2.5777	7.3856	7.7573			7860.0	1965.0	1965.0	273921.0	68480.25	-0.0048755704763856905
300923.SZ	20210416	34.4732	35.9841	34.2942	35.2883	34.6421	0.6462000000000003	1.8654	19130.0	67905.69900000001	9.7354	9.7354	0.79	46.7367	41.7836	2.6258	7.5233	7.902			7860.0	1965.0	1965.0	279030.0	69757.5	-0.0002833800438104984
300923.SZ	20210419	35.2783	36.1431	35.0696	35.9046	35.2883	0.6163000000000025	1.7465	19334.0	69354.168	9.8392	9.8392	0.88	47.553	42.5133	2.6717	7.6547	8.04			7860.0	1965.0	1965.0	283903.2	70975.8	-0.0033226940280633296
300923.SZ	20210420	35.7853	37.1372	35.6561	36.829	35.9046	0.9243999999999986	2.5746	36547.0	134289.186	18.599	18.599	1.73	48.7774	43.6079	2.7405	7.8518	8.247			7860.0	1965.0	1965.0	291213.0	72803.25	-0.033196665671074425
300923.SZ	20210421	35.6064	36.3817	34.3042	34.831	36.829	-1.9979999999999976	-5.4251	38759.0	136796.12099999998	19.7247	19.7247	1.53	47.6041	41.4718	2.545	7.8883	7.2342			7860.0	1965.0	1965.0	275414.4	68853.6	-0.0011397892681807413
300923.SZ	20210422	34.7913	35.0199	33.2107	33.5487	34.831	-1.2823000000000064	-3.6815	27886.99	95104.367	14.1919	14.1919	1.02	45.8516	39.9451	2.4513	7.5979	6.9679			7860.0	1965.0	1965.0	265275.0	66318.75	0.004149192070035573
300923.SZ	20210423	33.6879	33.8569	32.8131	32.9324	33.5487	-0.6162999999999954	-1.837	18428.54	61539.124	9.3784	9.3784	0.65	45.0092	39.2112	2.4063	7.4583	6.8399			7860.0	1965.0	1965.0	260401.8	65100.45	-0.0036225722996199067
300923.SZ	20210426	32.8131	33.2604	32.3161	33.2207	32.9324	0.2882999999999996	0.8754	11625.55	38532.712	5.9163	5.9163	0.41	45.4032	39.5545	2.4273	7.5236	6.8998			7860.0	1965.0	1965.0	262681.2	65670.3	0.0014960551704208945
300923.SZ	20210427	33.2704	33.2704	31.6103	32.008	33.2207	-1.212699999999998	-3.6504	14173.16	45904.004	7.2128	7.2128	0.53	43.7458	38.1105	2.3387	7.2489	6.6479			7860.0	1965.0	1965.0	253092.0	63273.0	-0.010872281929517698
300923.SZ	20210428	31.66	32.1968	31.6302	32.0477	32.008	0.0396999999999962	0.124	7854.7	25251.098	3.9973	3.9973	0.35	43.8001	38.1579	2.3416	7.2579	6.6562			7860.0	1965.0	1965.0	253406.4	63351.6	-0.00217176271620109
300923.SZ	20210429	31.9781	32.2962	31.6899	31.6899	32.0477	-0.3577999999999974	-1.1165	7636.81	24522.533	3.8864	3.8864	0.48	43.31100000000001	37.7318	2.3155	7.1769	6.5818			7860.0	1965.0	1965.0	250576.8	62644.2	0.006898096869980611
300923.SZ	20210430	31.9085	31.998	30.6859	30.9145	31.6899	-0.7754000000000012	-2.4468	9939.55	31138.64	5.0583	5.0583	0.83	42.2514	36.8086	2.2588	7.0013	6.4208			7860.0	1965.0	1965.0	244446.0	61111.5	0.0
300923.SZ	20210506	30.9145	31.4016	30.9145	31.1531	30.9145	0.2385999999999981	0.7718	5017.01	15703.058	2.5532	2.5532	0.49	42.5774	37.0927	2.2763	7.0553	6.4703			7860.0	1965.0	1965.0	246332.4	61583.1	0.008294519646519985
300923.SZ	20210507	31.4115	31.4115	30.8151	31.0437	31.1531	-0.1093999999999972	-0.3512	5210.36	16279.436000000003	2.6516	2.6516	0.58	42.428	36.9625	2.2683	7.0306	6.4476			7860.0	1965.0	1965.0	245467.8	61366.95	0.010246845575752813
300923.SZ	20210510	31.3618	32.0477	31.0537	31.8091	31.0437	0.7653999999999996	2.4656	9323.82	29665.033	4.7449	4.7449	1.31	43.4741	37.8738	2.3242	7.2039	6.6066			7860.0	1965.0	1965.0	251520.0	62880.0	-0.012499567733761742
300923.SZ	20210511	31.4115	32.0577	31.4115	31.8588	31.8091	0.0496999999999978	0.1562	6784.16	21688.663	3.4525	3.4525	0.91	43.542	37.933	2.3278	7.2152	6.6169			7860.0	1965.0	1965.0	251913.0	62978.25	-0.0018707547051364036
300923.SZ	20210512	31.7992	31.7992	30.9543	31.5905	31.8588	-0.2683	-0.8422	8245.0	25962.651	4.1959	4.1959	1.14	43.1752	37.6134	2.3082	7.1544	6.5612			7860.0	1965.0	1965.0	249790.8	62447.7	-0.008496225130972911
300923.SZ	20210513	31.3221	31.6899	31.0537	31.0736	31.5905	-0.5168999999999997	-1.6363	6566.0	20686.61	3.3415	3.3415	0.95	42.4687	36.99800000000001	2.2704	7.0373	6.4538			7860.0	1965.0	1965.0	245703.6	61425.9	0.007675325678389435
300923.SZ	20210514	31.3121	31.3817	31.004	31.3519	31.0736	0.2783000000000015	0.8956	4733.89	14881.765	2.4091	2.4091	0.66	42.8491	37.3294	2.2908	7.1003	6.5116			7860.0	1965.0	1965.0	247904.4	61976.1	-0.0003189599354425589
300923.SZ	20210517	31.3419	31.3419	30.9443	31.1431	31.3519	-0.2088000000000001	-0.6659999999999999	7415.89	23175.279	3.774	3.774	1.04	42.5638	37.0808	2.2755	7.0531	6.4683			7860.0	1965.0	1965.0	246253.8	61563.45	-0.004148591501809417
300923.SZ	20210518	31.0139	31.3121	31.0139	31.2425	31.1431	0.0993999999999992	0.3192	5039.99	15808.042	2.5649	2.5649	0.75	42.6997	37.1992	2.2828	7.0756	6.4889			7860.0	1965.0	1965.0	247039.8	61759.95	-0.0009538289189404834
300923.SZ	20210519	31.2127	31.2127	30.7356	30.7555	31.2425	-0.4869999999999983	-1.5588	8706.81	27054.946	4.4309	4.4309	1.36	42.034	36.6193	2.2472	6.9653	6.3878			7860.0	1965.0	1965.0	243188.4	60797.1	0.00032189364503904157
300923.SZ	20210520	30.7654	31.0139	30.7356	30.7654	30.7555	0.0098999999999982	0.0322	4883.0	15146.164	2.485	2.485	0.75	42.0476	36.6311	2.2479	6.9675	6.3898			7860.0	1965.0	1965.0	243267.0	60816.75	0.0012936610608020574
300923.SZ	20210521	30.8052	30.8151	30.1392	30.2087	30.7654	-0.5566999999999993	-1.8095	9738.1	29732.944	4.9558	4.9558	1.58	41.2868	35.9683	2.2073	6.8414	6.2742			7860.0	1965.0	1965.0	238865.4	59716.35	0.0026350024992799832
300923.SZ	20210524	30.2883	30.5865	30.0895	30.5268	30.2087	0.3181000000000012	1.053	6422.0	19645.236	3.2682	3.2682	0.9	41.7215	36.347	2.2305	6.9135	6.3403			7860.0	1965.0	1965.0	241380.6	60345.15	-0.0006486104013522557
300923.SZ	20210525	30.507	30.835	30.4175	30.5865	30.5268	0.0596999999999994	0.1956	6318.5	19464.563	3.2155	3.2155	0.91	41.803	36.4181	2.2349	6.9270000000000005	6.3527			7860.0	1965.0	1965.0	241852.2	60463.05	0.0
300923.SZ	20210526	30.5865	30.9642	30.5368	30.9443	30.5865	0.3577999999999974	1.1698	6562.0	20350.514	3.3394	3.3394	0.91	42.2921	36.8441	2.261	7.007999999999999	6.4270000000000005			7860.0	1965.0	1965.0	244681.8	61170.45	-0.0003199296801025793
300923.SZ	20210527	30.9344	31.1233	30.835	31.0537	30.9443	0.1094000000000008	0.3535	6833.0	21328.173	3.4774	3.4774	1.01	42.4416	36.9743	2.269	7.0328	6.4497			7860.0	1965.0	1965.0	245546.4	61386.6	-0.0019224762266654028
300923.SZ	20210528	30.994	31.0934	30.4175	30.5964	31.0537	-0.4573	-1.4726	7592.0	23430.698	3.8636	3.8636	1.06	41.8166	36.4299	2.2356	6.9292	6.3547			7860.0	1965.0	1965.0	241930.8	60482.7	-0.002598344903321942
300923.SZ	20210531	30.5169	30.9742	30.4076	30.9145	30.5964	0.3181000000000012	1.0397	4378.0	13513.081	2.228	2.228	0.65	42.2514	36.8086	2.2588	7.0013	6.4208			7860.0	1965.0	1965.0	244446.0	61111.5	-0.0035355577479823726
300923.SZ	20210601	30.8052	31.3121	30.8052	31.2922	30.9145	0.3777000000000008	1.2218	6918.85	21683.376	3.5210000000000004	3.5210000000000004	1.09	42.7676	37.2584	2.2864	7.0868	6.4993			7860.0	1965.0	1965.0	247432.8	61858.2	-0.0003163727702111643
300923.SZ	20210602	31.2823	31.3817	30.994	31.1133	31.2922	-0.1789000000000022	-0.5717	7507.04	23528.393	3.8204	3.8204	1.16	42.5231	37.0453	2.2733	7.0463	6.4621			7860.0	1965.0	1965.0	246018.0	61504.5	-0.002873369266519389
300923.SZ	20210603	31.0239	31.2922	30.835	30.8748	31.1133	-0.2384999999999984	-0.7666	7036.04	22005.648	3.5807	3.5807	1.06	42.197	36.7613	2.2559	6.9923	6.4125			7860.0	1965.0	1965.0	244131.6	61032.9	0.0
300923.SZ	20210604	30.8748	31.0736	30.5169	30.5467	30.8748	-0.3280999999999992	-1.0627	5950.78	18425.749	3.0284	3.0284	0.89	41.7487	36.3707	2.2319	6.9179999999999975	6.3444			7860.0	1965.0	1965.0	241537.8	60384.45	0.0006514615326696437
300923.SZ	20210607	30.5666	30.7455	30.3976	30.6362	30.5467	0.0894999999999974	0.293	5945.61	18255.439	3.0258	3.0258	0.94	41.871	36.4772	2.2385	6.9383	6.363			7860.0	1965.0	1965.0	242245.2	60561.3	-0.0006495583655936379
300923.SZ	20210608	30.6163	30.6163	30.3181	30.3777	30.6362	-0.2584999999999979	-0.8438	5492.31	16791.055	2.7951	2.7951	0.82	41.5177	36.1695	2.2196	6.8797	6.3093			7860.0	1965.0	1965.0	240201.6	60050.4	-0.001961965520760283
300923.SZ	20210609	30.3181	30.5865	30.2187	30.497	30.3777	0.119299999999999	0.3927	3971.31	12164.962	2.021	2.021	0.62	41.6808	36.3115	2.2283	6.9067	6.3341			7860.0	1965.0	1965.0	241144.8	60286.2	-0.0042364822769453015
300923.SZ	20210610	30.3678	30.7058	30.3678	30.666	30.497	0.1690000000000004	0.5542	5169.58	15904.188999999997	2.6308	2.6308	0.91	41.9117	36.5127	2.2407	6.945	6.3692			7860.0	1965.0	1965.0	242481.0	60620.25	0.0
300923.SZ	20210611	30.666	31.0934	30.5964	30.9841	30.666	0.3181000000000012	1.0373	7094.36	22021.11	3.6104	3.6104	1.34	42.3465	36.8915	2.2639	7.017	6.4353			7860.0	1965.0	1965.0	244996.2	61249.05	0.0
300923.SZ	20210615	30.9841	31.163	30.4274	30.507	30.9841	-0.4771000000000001	-1.5398	6416.97	19829.355	3.2656	3.2656	1.16	41.6944	36.3234	2.229	6.909	6.3362			7860.0	1965.0	1965.0	241223.4	60305.85	-0.0021962172616120947
300923.SZ	20210616	30.44	30.8	30.4	30.51	30.51	0.0	0.0	4873.48	14894.348	2.4801	2.4801	0.87	41.4498	36.1103	2.2453	6.8685	6.299		0.59	7860.0	1965.0	1965.0	239808.6	59952.15	0.0
300923.SZ	20210617	30.51	30.73	30.31	30.38	30.51	-0.1300000000000025	-0.4261	4114.0	12517.591	2.0936	2.0936	0.75	41.2732	35.9565	2.2358	6.8392	6.2722		0.5925	7860.0	1965.0	1965.0	238786.8	59696.7	0.003291639236339744
300923.SZ	20210618	30.48	31.09	30.29	30.86	30.38	0.4800000000000004	1.58	6442.99	19870.978	3.2789	3.2789	1.16	41.9253	36.5246	2.2711	6.9473	6.3713		0.5833	7860.0	1965.0	1965.0	242559.6	60639.9	0.008425145819831548
300923.SZ	20210621	31.12	31.15	30.64	30.99	30.86	0.129999999999999	0.4213	6198.51	19166.728	3.1545	3.1545	1.07	42.1019	36.6784	2.2806	6.9765	6.3981		0.5808	7860.0	1965.0	1965.0	243581.4	60895.35	0.0022587931590835847
300923.SZ	20210622	31.06	31.97	31.06	31.85	30.99	0.860000000000003	2.7751	16905.0	53438.988	8.6031	8.6031	3.01	43.2703	37.6963	2.3439	7.1701	6.5756		0.5651	7860.0	1965.0	1965.0	250341.0	62585.25	-0.010361067503924704
300923.SZ	20210623	31.52	31.75	31.15	31.58	31.85	-0.2700000000000031	-0.8477	10690.23	33575.672999999995	5.4403	5.4403	1.39	42.9035	37.3767	2.3241	7.1093	6.5199		0.57	7860.0	1965.0	1965.0	248218.8	62054.7	-0.002533248891703556
300923.SZ	20210624	31.5	32.0	31.23	31.76	31.58	0.1800000000000032	0.57	10423.96	32994.373	5.3048	5.3048	1.18	43.148	37.5898	2.3373	7.1499	6.5571		0.5668	7860.0	1965.0	1965.0	249633.6	62408.4	0.0006297229219143442
300923.SZ	20210625	31.78	31.92	31.25	31.3	31.76	-0.4600000000000009	-1.4484	7615.27	23933.921	3.8755	3.8755	0.75	42.5231	37.0453	2.3035	7.0463	6.4621		0.5751	7860.0	1965.0	1965.0	246018.0	61504.5	-0.0038338658146965174
300923.SZ	20210628	31.18	31.49	31.14	31.3	31.3	0.0	0.0	5030.0	15752.47	2.5598	2.5598	0.49	42.5231	37.0453	2.3035	7.0463	6.4621		0.5751	7860.0	1965.0	1965.0	246018.0	61504.5	-0.0015974440894568917
300923.SZ	20210629	31.25	31.35	30.35	30.43	31.3	-0.870000000000001	-2.7796	9074.01	27802.174	4.6178	4.6178	0.9	41.3411	36.0156	2.2394	6.8505	6.2825		0.5915	7860.0	1965.0	1965.0	239179.8	59794.95	-0.003943476832073644
300923.SZ	20210630	30.31	30.75	30.3	30.64	30.43	0.2100000000000008	0.6901	3932.0	11992.705	2.001	2.001	0.46	41.6264	36.2642	2.2549	6.8977	6.3258		0.5875	7860.0	1965.0	1965.0	240830.4	60207.6	-0.004569190600522212
300923.SZ	20210701	30.5	30.77	30.38	30.5	30.64	-0.1400000000000005	-0.4569	5159.2	15777.774	2.6255	2.6255	0.72	41.4362	36.0985	2.2446	6.8662	6.2969		0.5902	7860.0	1965.0	1965.0	239730.0	59932.5	-0.0029508196721311428
300923.SZ	20210702	30.41	30.61	30.13	30.22	30.5	-0.2800000000000011	-0.918	4536.15	13727.292	2.3085	2.3085	0.74	41.0558	35.7671	2.224	6.8032	6.2391		0.5956	7860.0	1965.0	1965.0	237529.2	59382.3	0.0
300923.SZ	20210705	30.22	30.58	30.14	30.51	30.22	0.2900000000000027	0.9596	3428.0	10396.031	1.7445	1.7445	0.62	41.4498	36.1103	2.2453	6.8685	6.299		0.59	7860.0	1965.0	1965.0	239808.6	59952.15	-0.0009832841691249142
300923.SZ	20210706	30.48	30.63	30.24	30.6	30.51	0.0899999999999998	0.295	4210.0	12832.856000000002	2.1425	2.1425	0.81	41.5721	36.2168	2.2519	6.8887	6.3176		0.5882	7860.0	1965.0	1965.0	240516.0	60129.0	-0.0035947712418301627
300923.SZ	20210707	30.49	30.84	30.31	30.84	30.6	0.2399999999999984	0.7843	5834.86	17922.839	2.9694	2.9694	1.37	41.8981	36.5009	2.2696	6.9428	6.3671		0.5837	7860.0	1965.0	1965.0	242402.4	60600.6	-0.00032425421530484964
300923.SZ	20210708	30.83	30.83	30.31	30.43	30.84	-0.4100000000000001	-1.3294	5952.0	18130.674	3.029	3.029	1.28	41.3411	36.0156	2.2394	6.8505	6.2825		0.5915	7860.0	1965.0	1965.0	239179.8	59794.95	0.002300361485376283
300923.SZ	20210709	30.5	30.6	30.33	30.47	30.43	0.0399999999999991	0.1314	3932.0	11981.055	2.001	2.001	0.82	41.3955	36.063	2.2424	6.8595	6.2907		0.5907	7860.0	1965.0	1965.0	239494.2	59873.55	0.002953724975385621
300923.SZ	20210712	30.56	30.81	30.48	30.68	30.47	0.2100000000000008	0.6892	4723.81	14475.659	2.404	2.404	1.01	41.6808	36.3115	2.2578	6.9067	6.3341		0.5867	7860.0	1965.0	1965.0	241144.8	60286.2	-0.0009778357235984726
300923.SZ	20210713	30.65	30.78	30.4	30.56	30.68	-0.1200000000000009	-0.3911	4341.2	13261.744	2.2093	2.2093	0.88	41.5177	36.1695	2.249	6.8797	6.3093		0.589	7860.0	1965.0	1965.0	240201.6	60050.4	0.0003272251308901035
300923.SZ	20210714	30.57	30.75	30.33	30.54	30.56	-0.0199999999999995	-0.0654	5460.2	16646.126	2.7787	2.7787	1.1	41.4906	36.1458	2.2475	6.8752	6.3052		0.5894	7860.0	1965.0	1965.0	240044.4	60011.1	-0.0045841519318926185
300923.SZ	20210715	30.4	30.55	29.2	29.35	30.54	-1.1899999999999975	-3.8965	10853.0	32196.523	5.5232	5.5232	2.22	39.8739	34.7374	2.16	6.6073	6.0595		0.6133	7860.0	1965.0	1965.0	230691.0	57672.75	0.0
300923.SZ	20210716	29.35	29.55	29.21	29.21	29.35	-0.1400000000000005	-0.477	5043.0	14819.136	2.5664	2.5664	0.86	39.6837	34.5717	2.1497	6.5758	6.0306		0.6162	7860.0	1965.0	1965.0	229590.6	57397.65	0.0
300923.SZ	20210719	29.21	29.21	28.47	28.55	29.21	-0.6600000000000001	-2.2595	7518.6	21565.057	3.8263	3.8263	1.24	38.787	33.7906	2.1011	6.4272	5.8943		0.6305	7860.0	1965.0	1965.0	224403.0	56100.75	-0.00770577933450096
300923.SZ	20210720	28.33	28.68	28.33	28.68	28.55	0.129999999999999	0.4553	3534.31	10085.807	1.7986	1.7986	0.53	38.9636	33.9444	2.1106	6.4565	5.9212		0.6276	7860.0	1965.0	1965.0	225424.8	56356.2	0.008019525801952596
300923.SZ	20210721	28.91	29.35	28.71	28.88	28.68	0.1999999999999993	0.6974	3960.0	11439.313	2.0153	2.0153	0.61	39.2353	34.1811	2.1254	6.5015	5.9625		0.6233	7860.0	1965.0	1965.0	226996.8	56749.2	-0.0017313019390581964
300923.SZ	20210722	28.83	29.1	28.72	28.97	28.88	0.0899999999999998	0.3116	4286.6	12374.297	2.1815	2.1815	0.69	39.3576	34.2876	2.132	6.5218	5.981		0.6213	7860.0	1965.0	1965.0	227704.2	56926.05	0.0
300923.SZ	20210723	28.97	29.17	28.61	28.89	28.97	-0.0799999999999983	-0.2761	4758.27	13714.828	2.4215	2.4215	0.98	39.2489	34.193000000000005	2.1261	6.5038	5.9645		0.6231	7860.0	1965.0	1965.0	227075.4	56768.85	-0.00380754586362061
300923.SZ	20210726	28.78	28.95	27.52	28.33	28.89	-0.5600000000000023	-1.9384	3725.57	10597.106000000002	1.896	1.896	0.77	38.4881	33.5302	2.0849	6.3777	5.8489		0.6354	7860.0	1965.0	1965.0	222673.8	55668.45	0.0
300923.SZ	20210727	28.33	28.93	28.1	28.21	28.33	-0.1199999999999974	-0.4236	4681.57	13318.577	2.3825	2.3825	1.16	38.3251	33.3881	2.0761	6.3507	5.8241		0.6381	7860.0	1965.0	1965.0	221730.6	55432.65	0.0010634526763558165
300923.SZ	20210728	28.24	28.36	26.86	27.29	28.21	-0.9200000000000016	-3.2613	5259.27	14451.124	2.6765	2.6765	1.23	37.0752	32.2993	2.0084	6.1436	5.6342		0.6596	7860.0	1965.0	1965.0	214499.4	53624.85	0.0010993037742763334
300923.SZ	20210729	27.32	27.7	27.32	27.5	27.29	0.2100000000000008	0.7695	3173.58	8737.612	1.6151	1.6151	0.7	37.3605	32.5478	2.0238	6.1908	5.6776		0.6545	7860.0	1965.0	1965.0	216150.0	54037.5	-0.005818181818181823
300923.SZ	20210730	27.34	28.17	27.31	28.03	27.5	0.5300000000000011	1.9273	5948.83	16569.79	3.0274	3.0274	1.38	38.0806	33.1751	2.0628	6.3102	5.787000000000001		0.6422	7860.0	1965.0	1965.0	220315.8	55078.95	0.03460577952194074
300923.SZ	20210802	29.0	33.64	29.0	32.32	28.03	4.289999999999999	15.305	49948.15	159160.10199999998	25.4189	25.4189	10.96	43.9088	38.2526	2.3785	7.2759	6.6727		0.5569	7860.0	1965.0	1965.0	254035.2	63508.8	-0.0538366336633664
300923.SZ	20210803	30.58	31.47	30.26	31.15	32.32	-1.1700000000000017	-3.62	32860.35	101508.123	16.7228	16.7228	2.38	42.3193	36.8678	2.2924	7.0125	6.4311		0.5778	7860.0	1965.0	1965.0	244839.0	61209.75	-0.01765650080256813
300923.SZ	20210804	30.6	31.4	30.16	30.8	31.15	-0.3499999999999979	-1.1236	18242.27	56183.907	9.2836	9.2836	0.94	41.8438	36.4536	2.2667	6.9337	6.3589		0.5844	7860.0	1965.0	1965.0	242088.0	60522.0	-0.005519480519480575
300923.SZ	20210805	30.63	31.24	30.02	30.07	30.8	-0.7300000000000004	-2.3701	16637.59	50803.441	8.467	8.467	0.76	40.852	35.5896	2.2129	6.7694	6.2081		0.5986	7860.0	1965.0	1965.0	236350.2	59087.55	-0.0029930162953109365
300923.SZ	20210806	29.98	30.5	29.67	30.33	30.07	0.259999999999998	0.8646	12120.89	36499.686	6.1684	6.1684	0.49	41.2053	35.8973	2.2321	6.8279	6.2618		0.5935	7860.0	1965.0	1965.0	238393.8	59598.45	0.017474447741510094
300923.SZ	20210809	30.86	31.96	30.77	30.9	30.33	0.5700000000000003	1.8793	23309.15	73074.27900000001	11.8622	11.8622	0.9	41.9796	36.5719	2.274	6.9563	6.3795		0.5825	7860.0	1965.0	1965.0	242874.0	60718.5	0.009708737864077693
300923.SZ	20210810	31.2	33.29	30.37	32.59	30.9	1.6900000000000048	5.4693	41079.58	131970.476	20.9056	20.9056	1.99	44.2756	38.5721	2.3984	7.3367	6.7284		0.5523	7860.0	1965.0	1965.0	256157.4	64039.35	-0.016569499846578895
300923.SZ	20210811	32.05	34.5	32.05	34.06	32.59	1.4699999999999989	4.5106	55922.67	186870.698	28.4594	28.4594	2.51	46.2727	40.312	2.5066	7.6676	7.0319		0.5285	7860.0	1965.0	1965.0	267711.6	66927.9	-0.01262477980035231
300923.SZ	20210812	33.63	33.88	32.42	33.17	34.06	-0.8900000000000006	-2.613	37470.92	124125.904	19.0692	19.0692	1.26	45.0636	39.2586	2.4411	7.4673	6.8482		0.5427	7860.0	1965.0	1965.0	260716.2	65179.05	0.013867952969550824
300923.SZ	20210813	33.63	34.94	33.18	33.76	33.17	0.5899999999999963	1.7787	39339.29	133420.447	20.02	20.02	1.16	45.8651	39.9569	2.4845	7.6001	6.97		0.5332	7860.0	1965.0	1965.0	265353.6	66338.4	-0.02251184834123217
300923.SZ	20210816	33.0	33.65	32.05	33.65	33.76	-0.1099999999999994	-0.3258	27764.27	91528.134	14.1294	14.1294	0.7	45.7157	39.8267	2.4764	7.5753	6.9473		0.5349	7860.0	1965.0	1965.0	264489.0	66122.25	-0.016047548291233258
300923.SZ	20210817	33.11	33.6	31.25	31.48	33.65	-2.1699999999999977	-6.4487	26059.5	84281.43800000001	13.2618	13.2618	0.65	42.7676	37.2584	2.3167	7.0868	6.4993		0.5718	7860.0	1965.0	1965.0	247432.8	61858.2	0.014612452350698883
300923.SZ	20210818	31.94	32.94	31.0	31.89	31.48	0.4100000000000001	1.3024	18942.29	60503.25	9.6398	9.6398	0.51	43.3246	37.7436	2.3469	7.1791	6.5839		0.5644	7860.0	1965.0	1965.0	250655.4	62663.85	-0.0012543116964565428
300923.SZ	20210819	31.85	31.85	31.03	31.03	31.89	-0.8599999999999994	-2.6968	12096.0	37816.462	6.1557	6.1557	0.4	42.1563	36.7258	2.2836	6.9855	6.4063		0.5801	7860.0	1965.0	1965.0	243895.8	60973.95	0.0006445375443119425
300923.SZ	20210820	31.05	31.25	29.8	30.25	31.03	-0.7800000000000011	-2.5137	12979.09	39256.533	6.6051	6.6051	0.52	41.0966	35.8026	2.2262	6.8099	6.2453		0.595	7860.0	1965.0	1965.0	237765.0	59441.25	-0.0013223140495867488
300923.SZ	20210823	30.21	31.31	30.21	31.18	30.25	0.9299999999999996	3.0744	11570.99	35813.648	5.8885	5.8885	0.59	42.36	36.9033	2.2946	7.0193	6.4373		0.5773	7860.0	1965.0	1965.0	245074.8	61268.7	-0.006414368184733781
300923.SZ	20210824	30.98	32.11	30.98	31.55	31.18	0.370000000000001	1.1867	13869.0	43922.706	7.058	7.058	0.85	42.8627	37.3412	2.3219	7.1026	6.5137		0.5705	7860.0	1965.0	1965.0	247983.0	61995.75	-0.012678288431061875
300923.SZ	20210825	31.15	31.86	31.15	31.49	31.55	-0.0600000000000022	-0.1902	10842.82	34248.621	5.518	5.518	0.78	42.7812	37.2702	2.3174	7.0891	6.5013		0.5716	7860.0	1965.0	1965.0	247511.4	61877.85	0.011749761829152144
300923.SZ	20210826	31.86	32.3	31.23	31.88	31.49	0.3900000000000005	1.2385	15817.1	50344.265	8.0494	8.0494	1.29	43.31100000000001	37.4662	2.2908	7.1769	6.5144		56.46	7860.0	1965.0	1965.0	250576.8	62644.2	-0.008469259723964855
300923.SZ	20210827	31.61	34.5	30.28	33.08	31.88	1.1999999999999993	3.7641	37385.62	120111.903	19.0258	19.0258	2.87	44.9413	38.8765	2.3771	7.447	6.7596		54.41	7860.0	1965.0	1965.0	260008.8	65002.2	-0.012091898428053163
300923.SZ	20210830	32.68	33.89	32.32	32.39	33.08	-0.6899999999999977	-2.0859	26649.07	87705.594	13.5619	13.5619	1.49	44.0039	38.0655	2.3275	7.2917	6.6186		55.57	7860.0	1965.0	1965.0	254585.4	63646.35	-0.016980549552330988
300923.SZ	20210831	31.84	34.02	31.8	33.94	32.39	1.5499999999999972	4.7854	38088.41	126759.845	19.3834	19.3834	1.82	46.1097	39.8871	2.4389	7.6406	6.9353		53.03	7860.0	1965.0	1965.0	266768.4	66692.1	0.0017678255745433788
300923.SZ	20210901	34.0	36.79	33.1	35.36	33.94	1.4200000000000017	4.1839	59060.81	207874.689	30.0564	30.0564	2.29	48.0388	41.556	2.5409	7.9603	7.2255		50.9	7860.0	1965.0	1965.0	277929.6	69482.4	0.02092760180995481
300923.SZ	20210902	36.1	38.8	34.48	35.44	35.36	0.0799999999999983	0.2262	52137.01	189422.495	26.5328	26.5328	1.47	48.1475	41.65	2.5466	7.9783	7.2418		50.79	7860.0	1965.0	1965.0	278558.4	69639.6	-0.04063205417607217
300923.SZ	20210903	34.0	35.2	33.1	33.57	35.44	-1.8699999999999968	-5.2765	37817.4	128458.015	19.2455	19.2455	0.89	45.607	39.4523	2.4123	7.5573	6.8597		53.62	7860.0	1965.0	1965.0	263860.2	65965.05	-0.0008936550491510615
300923.SZ	20210906	33.54	34.4	33.1	33.73	33.57	0.1599999999999966	0.4766	20117.21	67934.12299999999	10.2378	10.2378	0.47	45.8244	39.6403	2.4238	7.5934	6.8924		53.36	7860.0	1965.0	1965.0	265117.8	66279.45	0.007708271568336944
300923.SZ	20210907	33.99	33.99	32.85	33.14	33.73	-0.5899999999999963	-1.7492	20030.79	66373.814	10.1938	10.1938	0.48	45.0228	38.947	2.3814	7.4605	6.7719		54.32	7860.0	1965.0	1965.0	260480.4	65120.1	-0.0009052504526252606
300923.SZ	20210908	33.11	33.38	32.23	32.47	33.14	-0.6700000000000017	-2.0217	18545.97	60540.764	9.4382	9.4382	0.49	44.1126	38.1596	2.3332	7.3097	6.635		55.44	7860.0	1965.0	1965.0	255214.2	63803.55	-0.0009239297813366535
300923.SZ	20210909	32.44	33.14	32.32	32.88	32.47	0.4100000000000037	1.2627	14715.0	48177.029	7.4885	7.4885	0.49	44.6696	38.6414	2.3627	7.402	6.7187		54.74	7860.0	1965.0	1965.0	258436.8	64609.2	0.000304136253041302
300923.SZ	20210910	32.89	33.13	31.72	31.75	32.88	-1.1300000000000026	-3.4367	16321.0	52406.273	8.3059	8.3059	0.73	43.1344	37.3134	2.2815	7.1476	6.4878		56.69	7860.0	1965.0	1965.0	249555.0	62388.75	-0.004409448818897656
300923.SZ	20210913	31.61	32.38	31.6	32.22	31.75	0.4699999999999989	1.4803	8030.0	25732.587000000003	4.0865	4.0865	0.45	43.773	37.8658	2.3153	7.2534	6.5839		55.87	7860.0	1965.0	1965.0	253249.2	63312.3	0.010552451893234123
300923.SZ	20210914	32.56	32.56	31.61	31.69	32.22	-0.5299999999999976	-1.6449	8800.48	28223.249	4.4786	4.4786	0.57	43.0529	37.2429	2.2772	7.1341	6.4756		56.8	7860.0	1965.0	1965.0	249083.4	62270.85	-0.009782265698958733
300923.SZ	20210915	31.38	31.97	31.3	31.46	31.69	-0.2300000000000004	-0.7258	8273.99	26028.247000000003	4.2107	4.2107	0.62	42.7404	36.9726	2.2606	7.0823	6.4286		57.22	7860.0	1965.0	1965.0	247275.6	61818.9	0.013350286077558745
300923.SZ	20210916	31.88	31.88	30.9	30.91	31.46	-0.5500000000000007	-1.7483	7840.3	24545.141	3.99	3.99	0.7	41.9932	36.3262	2.2211	6.9585	6.3162		58.23	7860.0	1965.0	1965.0	242952.6	60738.15	-0.0042057586541571984
300923.SZ	20210917	30.78	31.28	29.9	30.49	30.91	-0.4200000000000017	-1.3588	7557.0	23049.963	3.8458	3.8458	0.77	41.4226	35.8326	2.1909	6.864	6.2304		59.04	7860.0	1965.0	1965.0	239651.4	59912.85	-0.019350606756313542
300923.SZ	20210922	29.9	30.64	29.9	30.62	30.49	0.1300000000000025	0.4264	3974.93	12048.145	2.0229	2.0229	0.49	41.5993	35.9854	2.2003	6.8932	6.2569		58.79	7860.0	1965.0	1965.0	240673.2	60168.3	0.00849118223383403
300923.SZ	20210923	30.88	31.2	30.64	30.75	30.62	0.129999999999999	0.4246	4773.81	14745.157	2.4294	2.4294	0.65	41.7759	36.1382	2.2096	6.9225	6.2835		58.54	7860.0	1965.0	1965.0	241695.0	60423.75	0.007479674796747981
300923.SZ	20210924	30.98	30.98	30.0	30.0	30.75	-0.75	-2.439	5782.31	17447.964	2.9427	2.9427	0.89	40.7569	35.2568	2.1557	6.7537	6.1302		0.6	7860.0	1965.0	1965.0	235800.0	58950.0	-0.0029999999999999953
300923.SZ	20210927	29.91	30.0	28.4	28.67	30.0	-1.3299999999999983	-4.4333	8434.0	24442.578	4.2921	4.2921	1.41	38.9501	33.6937	2.0602	6.4542	5.8585		0.6278	7860.0	1965.0	1965.0	225346.2	56336.55	0.0
300923.SZ	20210928	28.67	29.0	28.57	28.94	28.67	0.2699999999999996	0.9418	3027.18	8710.44	1.5405	1.5405	0.5	39.3169	34.011	2.0796	6.515	5.9136		0.622	7860.0	1965.0	1965.0	227468.4	56867.1	-0.01174844505874222
300923.SZ	20210929	28.6	29.6	28.58	29.33	28.94	0.389999999999997	1.3476	5703.26	16653.606	2.9024	2.9024	1.1	39.8467	34.4694	2.1076	6.6028	5.9933		0.6137	7860.0	1965.0	1965.0	230533.8	57633.45	-0.010569382884418641
300923.SZ	20210930	29.02	29.78	29.02	29.48	29.33	0.1500000000000021	0.5114	3781.0	11145.228	1.9242	1.9242	0.68	40.0505	34.6456	2.1184	6.6366	6.024		0.6106	7860.0	1965.0	1965.0	231712.8	57928.2	0.0020352781546810962
300923.SZ	20211008	29.54	29.79	29.4	29.62	29.48	0.1400000000000005	0.4749	3562.0	10523.904	1.8127	1.8127	0.67	40.2407	34.8102	2.1284	6.6681	6.0526		0.6077	7860.0	1965.0	1965.0	232813.2	58203.3	-0.009790681971640874
300923.SZ	20211011	29.33	29.87	29.0	29.59	29.62	-0.0300000000000011	-0.1013	3364.0	9846.787	1.712	1.712	0.69	40.1999	34.7749	2.1263	6.6614	6.0465		0.6083	7860.0	1965.0	1965.0	232577.4	58144.35	-0.0064210882054748656
300923.SZ	20211012	29.4	29.53	28.9	29.1	29.59	-0.4899999999999984	-1.656	3238.0	9428.158	1.6478	1.6478	0.83	39.5342	34.1991	2.0911	6.551	5.9463		0.6186	7860.0	1965.0	1965.0	228726.0	57181.5	-0.0010309278350515854
300923.SZ	20211013	29.07	30.5	29.0	29.91	29.1	0.8099999999999987	2.7835	6335.0	18837.314	3.2239	3.2239	1.61	40.6347	35.151	2.1493	6.7334	6.1118		0.6018	7860.0	1965.0	1965.0	235092.6	58773.15	-0.007021063189568735
300923.SZ	20211014	29.7	31.6	29.6	30.7	29.91	0.7899999999999991	2.6413	9164.75	27921.902	4.664	4.664	2.26	41.7079	36.0794	2.206	6.9112	6.2733		0.5863	7860.0	1965.0	1965.0	241302.0	60325.5	-0.010749185667752388
300923.SZ	20211015	30.37	30.49	29.82	29.84	30.7	-0.8599999999999994	-2.8013	6019.75	18134.122	3.0635	3.0635	1.17	40.5396	35.0687	2.1442	6.7176	6.0975		0.6032	7860.0	1965.0	1965.0	234542.4	58635.6	-0.008042895442359197
300923.SZ	20211018	29.6	29.83	29.31	29.78	29.84	-0.0599999999999987	-0.2011	2692.0	7954.818	1.37	1.37	0.48	40.4581	34.9982	2.1399	6.7041	6.0853		0.6044	7860.0	1965.0	1965.0	234070.8	58517.7	0.01410342511752848
300923.SZ	20211019	30.2	31.0	29.85	29.91	29.78	0.129999999999999	0.4365	4617.0	13974.41	2.3496	2.3496	0.84	40.6347	35.151	2.1493	6.7334	6.1118		0.6018	7860.0	1965.0	1965.0	235092.6	58773.15	-0.017385489802741544
300923.SZ	20211020	29.39	29.71	29.31	29.44	29.91	-0.4699999999999989	-1.5714	4236.87	12490.933	2.1562	2.1562	0.73	39.9961	34.5986	2.1155	6.6276	6.0158		0.6114	7860.0	1965.0	1965.0	231398.4	57849.6	0.0
300923.SZ	20211021	29.44	29.84	29.01	29.2	29.44	-0.2400000000000019	-0.8152	3792.19	11124.918	1.9299	1.9299	0.71	39.6701	34.3166	2.0982	6.5736	5.9668		0.6164	7860.0	1965.0	1965.0	229512.0	57378.0	0.0
300923.SZ	20211022	29.2	29.32	28.73	28.82	29.2	-0.3799999999999989	-1.3014	4702.0	13600.389	2.3929	2.3929	1.1	39.1538	34.1624	2.0367	6.488	5.4643		0.6246	7860.0	1965.0	1965.0	226525.2	56631.3	0.0
300923.SZ	20211025	28.82	29.86	28.63	29.77	28.82	0.9499999999999992	3.2963	6010.19	17714.569	3.0586	3.0586	1.5	40.4445	35.2885	2.1038	6.7019	5.6444		0.6046	7860.0	1965.0	1965.0	233992.2	58498.05	-0.010749076251259667
300923.SZ	20211026	29.45	29.78	29.18	29.23	29.77	-0.5399999999999991	-1.8139	4266.15	12566.628	2.1711	2.1711	0.91	39.7108	34.6484	2.0657	6.5803	5.542000000000001		0.6158	7860.0	1965.0	1965.0	229747.8	57436.95	-0.01094765651727678
300923.SZ	20211027	28.91	29.11	28.18	28.24	29.23	-0.990000000000002	-3.3869	5554.0	15827.756	2.8265	2.8265	1.21	38.3659	33.4749	1.9957	6.3574	5.3543		0.6374	7860.0	1965.0	1965.0	221966.4	55491.6	0.00849858356940517
300923.SZ	20211028	28.48	28.48	27.0	27.06	28.24	-1.1799999999999995	-4.1785	5276.0	14505.821000000002	2.685	2.685	1.08	36.7628	32.0761	1.9123	6.0918	5.1306		0.6652	7860.0	1965.0	1965.0	212691.6	53172.9	0.010716925351071794
300923.SZ	20211029	27.35	27.74	27.06	27.59	27.06	0.5300000000000011	1.9586	2530.0	6959.05	1.2875	1.2875	0.49	37.4828	32.7044	1.9498	6.2111	5.2311		0.6524	7860.0	1965.0	1965.0	216857.4	54214.35	0.013410656034795252
300923.SZ	20211101	27.96	28.48	27.36	28.29	27.59	0.6999999999999993	2.5372	3252.81	9102.536	1.6554	1.6554	0.69	38.4338	33.5341	1.9993	6.3687	5.3638		0.6363	7860.0	1965.0	1965.0	222359.4	55589.85	-0.008483563096500476
300923.SZ	20211102	28.05	28.5	27.51	27.58	28.29	-0.7100000000000009	-2.5097	4322.81	12074.773	2.1999	2.1999	1.04	37.4692	32.6925	1.9491	6.2089	5.2292		0.6526	7860.0	1965.0	1965.0	216778.8	54194.7	-0.00108774474256699
300923.SZ	20211103	27.55	28.71	27.55	28.21	27.58	0.6300000000000026	2.2843	3177.0	8919.131	1.6168	1.6168	0.76	38.3251	33.4393	1.9936	6.3507	5.3486		0.6381	7860.0	1965.0	1965.0	221730.6	55432.65	0.0014179369018078392
300923.SZ	20211104	28.25	28.8	28.2	28.76	28.21	0.5500000000000007	1.9497	4767.0	13632.879	2.426	2.426	1.28	39.0723	34.0913	2.0325	6.4745	5.4529		0.6259	7860.0	1965.0	1965.0	226053.6	56513.4	-0.0010431154381085235
300923.SZ	20211105	28.73	28.76	28.12	28.46	28.76	-0.3000000000000007	-1.0431	3941.61	11245.268	2.0059	2.0059	1.09	38.6648	33.7357	2.0113	6.407	5.396		0.6325	7860.0	1965.0	1965.0	223695.6	55923.9	-0.010189739985945155
300923.SZ	20211108	28.17	28.65	28.17	28.49	28.46	0.0299999999999975	0.1054	2913.0	8293.536	1.4824	1.4824	0.75	38.7055	33.7712	2.0134	6.4137	5.4017		0.6318	7860.0	1965.0	1965.0	223931.4	55982.85	0.0
300923.SZ	20211109	28.49	29.08	28.49	28.82	28.49	0.3300000000000018	1.1583	3715.0	10697.532	1.8906	1.8906	0.97	39.1538	34.1624	2.0367	6.488	5.4643		0.6246	7860.0	1965.0	1965.0	226525.2	56631.3	-0.004163775156141603
300923.SZ	20211110	28.7	29.59	28.7	29.38	28.82	0.5599999999999987	1.9431	6807.87	19811.995	3.4646	3.4646	1.84	39.9146	34.8262	2.0763	6.6141	5.5704		0.6127	7860.0	1965.0	1965.0	230926.8	57731.7	-0.0010211027910142132
300923.SZ	20211111	29.35	29.92	29.11	29.67	29.38	0.2900000000000027	0.9871	7952.87	23664.419	4.0473	4.0473	1.8	40.3086	35.17	2.0968	6.6794	5.6254		0.6067	7860.0	1965.0	1965.0	233206.2	58301.55	0.002696326255476855
300923.SZ	20211112	29.75	30.55	29.28	30.26	29.67	0.5899999999999999	1.9885	8507.87	25572.306	4.3297	4.3297	1.68	41.1102	35.8693	2.1385	6.8122	5.7373		0.5948	7860.0	1965.0	1965.0	237843.6	59460.9	0.002643754130865773
300923.SZ	20211115	30.34	31.17	30.07	31.17	30.26	0.91	3.0073	12075.06	37073.466	6.1451	6.1451	2.02	42.3465	36.948	2.2028	7.017	5.9098		0.5775	7860.0	1965.0	1965.0	244996.2	61249.05	-0.008662175168431284
300923.SZ	20211116	30.9	31.37	30.29	30.37	31.17	-0.8000000000000007	-2.5666	8034.32	24607.582	4.0887	4.0887	1.03	41.2596	35.9997	2.1462	6.8369	5.7582		0.5927	7860.0	1965.0	1965.0	238708.2	59677.05	0.0
300923.SZ	20211117	30.37	31.5	30.22	31.13	30.37	0.759999999999998	2.5025	12401.07	38488.527	6.311	6.311	1.43	42.2921	36.9006	2.2	7.008	5.9022		0.5782	7860.0	1965.0	1965.0	244681.8	61170.45	-0.0016061676839062226
300923.SZ	20211118	31.08	31.54	30.5	30.7	31.13	-0.4299999999999997	-1.3813	10426.07	32327.758	5.3059	5.3059	1.06	41.7079	36.3909	2.1696	6.9112	5.8207		0.5863	7860.0	1965.0	1965.0	241302.0	60325.5	0.003583061889250796
300923.SZ	20211119	30.81	31.4	30.41	31.0	30.7	0.3000000000000007	0.9772	9198.0	28495.869	4.6809	4.6809	0.89	42.1155	36.7465	2.1908	6.9788	5.8776		0.5806	7860.0	1965.0	1965.0	243660.0	60915.0	0.019354838709677465
300923.SZ	20211122	31.6	31.63	30.75	30.98	31.0	-0.0199999999999995	-0.0645	6083.07	18838.593	3.0957	3.0957	0.58	42.0883	36.7228	2.1894	6.9743	5.8738		0.581	7860.0	1965.0	1965.0	243502.8	60875.7	0.0006455777921239371
300923.SZ	20211123	31.0	31.55	30.98	31.55	30.98	0.5700000000000003	1.8399	9338.0	29260.66	4.7522	4.7522	1.01	42.8627	37.3985	2.2296	7.1026	5.9819		0.5705	7860.0	1965.0	1965.0	247983.0	61995.75	0.0
300923.SZ	20211124	31.55	32.44	31.3	31.95	31.55	0.3999999999999986	1.2678	12503.15	40088.149	6.3629	6.3629	1.32	43.4061	37.8726	2.2579	7.1926	6.0577		0.5634	7860.0	1965.0	1965.0	251127.0	62781.75	0.0
300923.SZ	20211125	31.95	32.33	31.62	31.88	31.95	-0.0700000000000002	-0.2191	7018.22	22420.579	3.5716	3.5716	0.74	43.311	37.7896	2.253	7.1769	6.0444		0.5646	7860.0	1965.0	1965.0	250576.8	62644.2	0.0018820577164367087
300923.SZ	20211126	31.94	31.94	31.3	31.32	31.88	-0.5599999999999987	-1.7566	8284.0	26054.765	4.2158	4.2158	0.94	42.5502	37.1258	2.2134	7.0508	5.9383		0.5747	7860.0	1965.0	1965.0	246175.2	61543.8	-0.006066411238825072
300923.SZ	20211129	31.13	31.91	30.83	31.37	31.32	0.0500000000000007	0.1596	6452.0	20282.8	3.2835	3.2835		42.6182	37.1851	2.2169	7.0621	5.9478			7860.0	1965.0	1965.0	246568.2	61642.05	
